name,category,price,img
Heron Velvet Cushion,animal,"Regular price
£135.99
Sale pricefrom £39.99

                Save 71%
              ",//cdn.shopify.com/s/files/1/2534/2170/products/all-over-print-premium-pillow-22x22-5ffe0c68dc6bc_{width}x.jpg?v=1610484845
Zebra Print Velvet Cushion Cover,animal,"from £23.99
",//cdn.shopify.com/s/files/1/2534/2170/products/product-image-1451565477_{width}x.jpg?v=1592874233
Fashion Animal Zebra Cushion Cover,animal,"from £32.99
",//cdn.shopify.com/s/files/1/2534/2170/products/all-over-print-basic-pillow-18x18-5fed2d3e6c050_{width}x.jpg?v=1609379136
Octopus Crazy Velvet Cushion,animal,"Regular price
£135.99
Sale pricefrom £39.99

                Save 71%
              ",//cdn.shopify.com/s/files/1/2534/2170/products/all-over-print-premium-pillow-22x22-6000c23ce334a_{width}x.jpg?v=1610662463
Sakura Blossom Teal Cushion Cover,animal,"from £32.99
",//cdn.shopify.com/s/files/1/2534/2170/products/mockup-17d23708_{width}x.jpg?v=1598979905
Fashion Animal Stag Cushion Cover,animal,"from £32.99
",//cdn.shopify.com/s/files/1/2534/2170/products/all-over-print-basic-pillow-22x22-5fece02907249_{width}x.jpg?v=1609359403
Cherry Blossom Bird Cushion Cover,animal,"from £32.99
",//cdn.shopify.com/s/files/1/2534/2170/products/mockup-a56cf3d4_{width}x.jpg?v=1598557501
Hot Pink Flamingo Cushion Cover,animal,"from £32.99
",//cdn.shopify.com/s/files/1/2534/2170/products/all-over-print-basic-pillow-22x22-front-lifestyle-8-6012ec5a7bbab_{width}x.jpg?v=1611852893
Tropical Green Wonder Cushion Cover,animal,"from £32.99
",//cdn.shopify.com/s/files/1/2534/2170/products/all-over-print-basic-pillow-22x22-5ffb7b7640337_{width}x.jpg?v=1610316665
Fashion Animal Leopard Cushion Cover,animal,"from £32.99
",//cdn.shopify.com/s/files/1/2534/2170/products/all-over-print-basic-pillow-22x22-front-lifestyle-8-6016e3913269c_{width}x.jpg?v=1612112788
Funky Pink Zebra Cushion Cover,animal,"from £32.99
",//cdn.shopify.com/s/files/1/2534/2170/products/mockup-82741f03_{width}x.jpg?v=1601417797
Luxury Teal Stag Cushion Cover,animal,"from £30.99
",//cdn.shopify.com/s/files/1/2534/2170/products/mockup-c7f2700f_{width}x.jpg?v=1599622791
Tropical Cockatoo and Parrot Cushion Cover,animal,"from £32.99
",//cdn.shopify.com/s/files/1/2534/2170/products/mockup-ba10795b_{width}x.jpg?v=1598902913
Cockatoo and Toucan Cushion Cover,animal,"from £32.99
",//cdn.shopify.com/s/files/1/2534/2170/products/mockup-a77c1f7f_{width}x.jpg?v=1598551266
Rainforest Hummingbird Velvet Cushion,animal,"Regular price
£135.99
Sale pricefrom £39.99

                Save 71%
              ",//cdn.shopify.com/s/files/1/2534/2170/products/all-over-print-premium-pillow-22x22-front-lifestyle-1-6052777dcc50e_{width}x.jpg?v=1616017280
Beach Life Turtle Velvet Cushion,animal,"Regular price
£135.99
Sale pricefrom £39.99

                Save 71%
              ",//cdn.shopify.com/s/files/1/2534/2170/products/all-over-print-premium-pillow-22x22-front-lifestyle-1-605266ad0bba2_{width}x.jpg?v=1616012975
Fashion Animal Classic Leopard Cushion Cover,animal,"from £32.99
",//cdn.shopify.com/s/files/1/2534/2170/products/all-over-print-basic-pillow-22x22-front-lifestyle-8-604e1d0548924_{width}x.jpg?v=1615731976
Orang Utan and Pesky Bird Cushion Cover,animal,"from £32.99
",//cdn.shopify.com/s/files/1/2534/2170/products/all-over-print-basic-pillow-22x22-front-lifestyle-8-603e918e4cb73_{width}x.jpg?v=1614713233
Bright Neon Monkey Cushion Cover,animal,"from £32.99
",//cdn.shopify.com/s/files/1/2534/2170/products/all-over-print-basic-pillow-22x22-front-lifestyle-8-6012ff5c11363_{width}x.jpg?v=1611857759
Africa Leopard Cushion Cover,animal,"from £32.99
",//cdn.shopify.com/s/files/1/2534/2170/products/all-over-print-basic-pillow-22x22-front-lifestyle-8-6012f8d41d730_{width}x.jpg?v=1611856086
Tropical Hummingbird Cushion Cover,animal,"from £32.99
",//cdn.shopify.com/s/files/1/2534/2170/products/all-over-print-basic-pillow-22x22-front-lifestyle-8-6011eb9d2c816_{width}x.jpg?v=1611787168
Parrot Paradise Cushion Cover,animal,"from £32.99
",//cdn.shopify.com/s/files/1/2534/2170/products/all-over-print-basic-pillow-22x22-front-lifestyle-8-6011e2932819e_{width}x.jpg?v=1611784854
Fashion Animal Raccoon Cushion Cover,animal,"from £32.99
",//cdn.shopify.com/s/files/1/2534/2170/products/all-over-print-basic-pillow-18x18-5fecdce86bf43_{width}x.jpg?v=1609358570
Gold Stag Cushion Cover,animal,"from £30.99
",//cdn.shopify.com/s/files/1/2534/2170/products/all-over-print-basic-pillow-22x22-5fd2bfc7c82c2_{width}x.jpg?v=1607647178
Zebra Animal Print Bean Bag Cover,animal,"£73.99
",//cdn.shopify.com/s/files/1/2534/2170/products/mockup-2728444c_{width}x.jpg?v=1601308446
Gold Peacock Feather Cushion Cover,animal,"from £32.99
",//cdn.shopify.com/s/files/1/2534/2170/products/mockup-8ea8f204_{width}x.jpg?v=1599684238
Jungle Bird Show Cushion,animal,"Regular price
£75.98
Sale pricefrom £37.99

                Save 50%
              ",//cdn.shopify.com/s/files/1/2534/2170/products/NewPhototasticCollage_294e2576-f0e8-4146-9aec-716c648ae6bf_{width}x.jpg?v=1600098031
Blossom Birds in Nature Cushion,animal,"Regular price
£75.98
Sale pricefrom £37.99

                Save 50%
              ",//cdn.shopify.com/s/files/1/2534/2170/products/NewPhototasticCollage_0ebe6fa8-46f4-4563-a3df-0f739adaa96d_{width}x.jpg?v=1600099161
White Leopard Animal Print Cushion Cover,animal,"from £30.99
",//cdn.shopify.com/s/files/1/2534/2170/products/mockup-6d073d02_79c916c5-bafb-4929-95b5-abd4badba637_{width}x.jpg?v=1597420432
Tropical Parrot Cushion Cover,animal,"from £32.99
",//cdn.shopify.com/s/files/1/2534/2170/products/mockup-5a4e2c0a_{width}x.jpg?v=1599068199
Owl Yerba Cushion Cover,animal,"from £32.99
",//cdn.shopify.com/s/files/1/2534/2170/products/mockup-19b9ba25_{width}x.jpg?v=1599067061
Nordic Deer Wanderer Cushion Cover,animal,"from £30.99
",//cdn.shopify.com/s/files/1/2534/2170/products/mockup-eb683cee_{width}x.jpg?v=1598978269
Tropical Birds in Frame Cushion Cover,animal,"from £30.99
",//cdn.shopify.com/s/files/1/2534/2170/products/mockup-92ea1539_{width}x.jpg?v=1598906373
Humming Bird Cushion Cover,animal,"from £32.99
",//cdn.shopify.com/s/files/1/2534/2170/products/mockup-76df79ea_{width}x.jpg?v=1598567389
Vintage Butterfly Silk Cushion,animal,"Regular price
£160.99
Sale pricefrom £55.99

                Save 65%
              ",//cdn.shopify.com/s/files/1/2534/2170/products/877467_vintage-butterfly-silk-cushion_0_1b52899d-0bbf-45d6-8584-a7ab1dade8ce_{width}x.jpg?v=1617921494
Grey Langur Monkey Silk Cushion,animal,"Regular price
£160.99
Sale pricefrom £55.99

                Save 65%
              ",//cdn.shopify.com/s/files/1/2534/2170/products/877260_grey-langur-monkey-silk-cushion_0_22160dc8-45c5-40a7-a4f1-20dfbe79c4c1_{width}x.jpg?v=1617909590
Bee Silk Cushion,animal,"Regular price
£160.99
Sale pricefrom £55.99

                Save 65%
              ",//cdn.shopify.com/s/files/1/2534/2170/products/877233_bee-silk-cushion_0_{width}x.jpg?v=1617908922
Teal Gold Serpent Velvet Cushion,animal,"Regular price
£135.99
Sale pricefrom £39.99

                Save 71%
              ",//cdn.shopify.com/s/files/1/2534/2170/products/all-over-print-premium-pillow-22x22-front-lifestyle-1-6063499db89ef_{width}x.jpg?v=1617119648
Gold Copper Black Snake Velvet Cushion,animal,"Regular price
£135.99
Sale pricefrom £39.99

                Save 71%
              ",//cdn.shopify.com/s/files/1/2534/2170/products/all-over-print-premium-pillow-22x22-front-lifestyle-1-60634546c684a_{width}x.jpg?v=1617118537
Egret Velvet Cushion,animal,"Regular price
£135.99
Sale pricefrom £39.99

                Save 71%
              ",//cdn.shopify.com/s/files/1/2534/2170/products/all-over-print-premium-pillow-22x22-front-lifestyle-1-605276324d557_{width}x.jpg?v=1616016949
Golden Peacock Velvet Cushion,animal,"Regular price
£135.99
Sale pricefrom £39.99

                Save 71%
              ",//cdn.shopify.com/s/files/1/2534/2170/products/all-over-print-premium-pillow-22x22-front-lifestyle-1-60522dcce8461_{width}x.jpg?v=1615998415
Rainforest Zebra Velvet Cushion,animal,"Regular price
£135.99
Sale pricefrom £39.99

                Save 71%
              ",//cdn.shopify.com/s/files/1/2534/2170/products/all-over-print-premium-pillow-22x22-front-lifestyle-1-60521f0854873_{width}x.jpg?v=1615994635
Lion Cushion Cover,animal,"from £32.99
",//cdn.shopify.com/s/files/1/2534/2170/products/all-over-print-basic-pillow-22x22-front-lifestyle-8-6050e9bf12cb8_{width}x.jpg?v=1615915457
Watercolour Lion Cushion Cover,animal,"from £32.99
",//cdn.shopify.com/s/files/1/2534/2170/products/all-over-print-basic-pillow-22x22-front-lifestyle-8-6050e85cba4eb_{width}x.jpg?v=1615915104
Japanese Crane Cushion Cover,animal,"from £32.99
",//cdn.shopify.com/s/files/1/2534/2170/products/all-over-print-basic-pillow-22x22-front-lifestyle-8-6050d7b4baf98_{width}x.jpg?v=1615910839
Sausage Dog Cushion Cover,animal,"from £30.99
",//cdn.shopify.com/s/files/1/2534/2170/products/all-over-print-basic-pillow-20x12-front-lifestyle-8-6050cd3a24cf4_{width}x.jpg?v=1615908156
Pug Cushion Cover,animal,"from £30.99
",//cdn.shopify.com/s/files/1/2534/2170/products/all-over-print-basic-pillow-22x22-front-lifestyle-8-6050caf82be56_{width}x.jpg?v=1615907579
Colourful Forest Stag Cushion Cover,animal,"from £32.99
",//cdn.shopify.com/s/files/1/2534/2170/products/all-over-print-basic-pillow-22x22-front-lifestyle-8-604e81babc2f5_{width}x.jpg?v=1615757757
Wandering Tribe Classic Stag Cushion Cover,animal,"from £32.99
",//cdn.shopify.com/s/files/1/2534/2170/products/all-over-print-basic-pillow-22x22-front-lifestyle-8-604e7e484da05_{width}x.jpg?v=1615756875
Colourful Mountains Stag Cushion Cover,animal,"from £32.99
",//cdn.shopify.com/s/files/1/2534/2170/products/all-over-print-basic-pillow-22x22-front-lifestyle-8-604e7a27c11e3_{width}x.jpg?v=1615755818
Retro Fashionable Stag Cushion Cover,animal,"from £32.99
",//cdn.shopify.com/s/files/1/2534/2170/products/all-over-print-basic-pillow-22x22-front-lifestyle-8-604e7789d075f_{width}x.jpg?v=1615755148
Fashion Animal Lion Cushion Cover,animal,"from £32.99
",//cdn.shopify.com/s/files/1/2534/2170/products/all-over-print-basic-pillow-22x22-front-lifestyle-8-604e1b4999185_{width}x.jpg?v=1615731532
Splash Art Fox Velvet Cushion,animal,"Regular price
£135.99
Sale pricefrom £39.99

                Save 71%
              ",//cdn.shopify.com/s/files/1/2534/2170/products/all-over-print-premium-pillow-22x22-front-lifestyle-1-604d163a5f9e4_{width}x.jpg?v=1615664700
Pastel Jungle Tiger Cushion Cover,animal,"from £32.99
",//cdn.shopify.com/s/files/1/2534/2170/products/all-over-print-basic-pillow-22x22-front-lifestyle-8-603e9bcd6e2ca_{width}x.jpg?v=1614715888
Red Leopard Animal Print Cushion Cover,animal,"from £32.99
",//cdn.shopify.com/s/files/1/2534/2170/products/all-over-print-basic-pillow-22x22-front-lifestyle-8-603e96186093c_{width}x.jpg?v=1614714395
Tie Dye Zebra Print Cushion Cover,animal,"from £32.99
",//cdn.shopify.com/s/files/1/2534/2170/products/all-over-print-basic-pillow-22x22-front-lifestyle-8-603e945cb35f2_{width}x.jpg?v=1614713951
Colourful Geometric Sloth Cushion Cover,animal,"from £32.99
",//cdn.shopify.com/s/files/1/2534/2170/products/all-over-print-basic-pillow-22x22-front-lifestyle-8-603e6fcc1c616_{width}x.jpg?v=1614704590
Boho Colourful Elephant Cushion Cover,animal,"from £32.99
",//cdn.shopify.com/s/files/1/2534/2170/products/all-over-print-basic-pillow-22x22-front-lifestyle-8-6012fad6f1a55_{width}x.jpg?v=1611856601
Africa Tiger Cushion Cover,animal,"from £32.99
",//cdn.shopify.com/s/files/1/2534/2170/products/all-over-print-basic-pillow-22x22-front-lifestyle-8-6012f47e8562c_{width}x.jpg?v=1611854977
White Stork Cushion Cover,animal,"from £32.99
",//cdn.shopify.com/s/files/1/2534/2170/products/all-over-print-basic-pillow-22x22-front-lifestyle-8-6011e950579d3_{width}x.jpg?v=1611786579
Kingfisher Hydrangeas Cushion Cover,animal,"from £32.99
",//cdn.shopify.com/s/files/1/2534/2170/products/all-over-print-basic-pillow-22x22-front-lifestyle-8-6011e5c772391_{width}x.jpg?v=1611785674
Peacock Vagabond Cushion Cover,animal,"from £32.99
",//cdn.shopify.com/s/files/1/2534/2170/products/all-over-print-basic-pillow-22x22-front-lifestyle-8-601080c778589_{width}x.jpg?v=1611694282
Toucan Garden Cushion Cover,animal,"from £32.99
",//cdn.shopify.com/s/files/1/2534/2170/products/all-over-print-basic-pillow-22x22-front-lifestyle-8-601075d3d2944_{width}x.jpg?v=1611691478
Heron Wanderer Cushion Cover,animal,"from £32.99
",//cdn.shopify.com/s/files/1/2534/2170/products/all-over-print-basic-pillow-22x22-front-lifestyle-8-601073b863fd2_{width}x.jpg?v=1611690939
Leopard Velvet Cushion,animal,"Regular price
£135.99
Sale pricefrom £39.99

                Save 71%
              ",//cdn.shopify.com/s/files/1/2534/2170/products/all-over-print-premium-pillow-22x22-60071f5c862ee_{width}x.jpg?v=1611079519
Orange Chickadee Flower Velvet Cushion,animal,"Regular price
£135.99
Sale pricefrom £39.99

                Save 71%
              ",//cdn.shopify.com/s/files/1/2534/2170/products/all-over-print-premium-pillow-22x22-5ffca7d4826ee_{width}x.jpg?v=1610393559
Black Panther in Jungle Cushion Cover,animal,"from £32.99
",//cdn.shopify.com/s/files/1/2534/2170/products/all-over-print-basic-pillow-22x22-5ffb8201a2a80_{width}x.jpg?v=1610318340
Jungle Madness Cushion Cover,animal,"from £32.99
",//cdn.shopify.com/s/files/1/2534/2170/products/all-over-print-basic-pillow-22x22-5ffb7fdb850c5_{width}x.jpg?v=1610317790
Green Tiger Cushion Cover,animal,"from £32.99
",//cdn.shopify.com/s/files/1/2534/2170/products/all-over-print-basic-pillow-22x22-5ffb7d0524489_{width}x.jpg?v=1610317063
Funky Metallic Zebra Cushion Cover,animal,"from £32.99
",//cdn.shopify.com/s/files/1/2534/2170/products/all-over-print-basic-pillow-22x22-5ff63cc1e1699_{width}x.jpg?v=1609972932
Floral Hummingbird Cushion Cover,animal,"from £32.99
",//cdn.shopify.com/s/files/1/2534/2170/products/all-over-print-basic-pillow-22x22-5ff6282f3974f_{width}x.jpg?v=1609967665
Butterfly in Meadow Cushion Cover,animal,"from £32.99
",//cdn.shopify.com/s/files/1/2534/2170/products/all-over-print-basic-pillow-22x22-5ff5f80d75900_{width}x.jpg?v=1609955344
Rabbit Maze Cushion Cover,animal,"from £32.99
",//cdn.shopify.com/s/files/1/2534/2170/products/all-over-print-basic-pillow-22x22-5ff5f27027749_{width}x.jpg?v=1609953906
Birds and Lemon Cushion Cover,animal,"from £32.99
",//cdn.shopify.com/s/files/1/2534/2170/products/all-over-print-basic-pillow-18x18-5ff5ee5d359b9_{width}x.jpg?v=1609952863
Fashion Animal Cat Cushion Cover,animal,"from £32.99
",//cdn.shopify.com/s/files/1/2534/2170/products/all-over-print-basic-pillow-22x22-5fece6150b82c_{width}x.jpg?v=1609360919
Highland Cow Cushion Cover,animal,"from £30.99
",//cdn.shopify.com/s/files/1/2534/2170/products/all-over-print-basic-pillow-18x18-5fc8623284e7c_{width}x.jpg?v=1606967860
Psychedelic Tiger Cushion Cover,animal,"from £32.99
",//cdn.shopify.com/s/files/1/2534/2170/products/mockup-1eb99714_{width}x.jpg?v=1606438549
Nordic Deer in White Cushion Cover,animal,"from £32.99
",//cdn.shopify.com/s/files/1/2534/2170/products/mockup-12a5f0cc_{width}x.jpg?v=1606343453
Happy Fox in White Cushion Cover,animal,"from £32.99
",//cdn.shopify.com/s/files/1/2534/2170/products/mockup-b9e78473_{width}x.jpg?v=1606343185
Midnight Blue Deer Owl Cushion Cover,animal,"from £32.99
",//cdn.shopify.com/s/files/1/2534/2170/products/mockup-d4c69c70_{width}x.jpg?v=1606068317
Floral Deer Blues Cushion Cover,animal,"from £32.99
",//cdn.shopify.com/s/files/1/2534/2170/products/mockup-b4e76d8f_{width}x.jpg?v=1606068035
Confetti Reindeer Cushion Cover,animal,"from £32.99
",//cdn.shopify.com/s/files/1/2534/2170/products/mockup-bada4898_{width}x.jpg?v=1603923093
Tartan Reindeer Cushion Cover,animal,"from £32.99
",//cdn.shopify.com/s/files/1/2534/2170/products/mockup-487e4dbe_{width}x.jpg?v=1603922765
Mountain Stag Cushion Cover,animal,"from £32.99
",//cdn.shopify.com/s/files/1/2534/2170/products/mockup-edd39aa3_{width}x.jpg?v=1602262875
Tiger Animal Print Cushion Cover,animal,"from £30.99
",//cdn.shopify.com/s/files/1/2534/2170/products/mockup-deb47de0_{width}x.jpg?v=1602013464
Black and White Deer Cushion Cover,animal,"from £30.99
",//cdn.shopify.com/s/files/1/2534/2170/products/mockup-05516bd2_{width}x.jpg?v=1602002197
Tropical Floral Sloth Cushion Cover,animal,"from £32.99
",//cdn.shopify.com/s/files/1/2534/2170/products/mockup-6c5580ef_{width}x.jpg?v=1601903961
Cute Sloths Cushion Cover,animal,"from £30.99
",//cdn.shopify.com/s/files/1/2534/2170/products/mockup-4404301e_{width}x.jpg?v=1601590371
Vibrant Deer Cushion Cover,animal,"from £32.99
",//cdn.shopify.com/s/files/1/2534/2170/products/mockup-c253d6b6_{width}x.jpg?v=1601425031
Jaguar in Jungle Cushion Cover,animal,"from £32.99
",//cdn.shopify.com/s/files/1/2534/2170/products/mockup-4015dd6a_{width}x.jpg?v=1601420384
Boho Pink Elephant Cushion Cover,animal,"from £30.99
",//cdn.shopify.com/s/files/1/2534/2170/products/mockup-4e00293b_{width}x.jpg?v=1599622349
Vintage Pastel Bird Cushion,animal,"Regular price
£75.98
Sale pricefrom £37.99

                Save 50%
              ",//cdn.shopify.com/s/files/1/2534/2170/products/NewPhototasticCollage_bcfe3ee4-0d7e-4750-9489-8af7384591fa_{width}x.jpg?v=1600099002
Jet Black Night Birds Cushion,animal,"Regular price
£75.98
Sale pricefrom £37.99

                Save 50%
              ",//cdn.shopify.com/s/files/1/2534/2170/products/NewPhototasticCollage_68842371-0e79-4aad-a7ff-05f802ada341_{width}x.jpg?v=1600052605
Stay Wild Leopard Animal Print Cushion Cover,animal,"from £30.99
",//cdn.shopify.com/s/files/1/2534/2170/products/mockup-4c8b1d34_64c2c5ba-cf1e-479b-af6a-d1cea6aa957b_{width}x.jpg?v=1597421834
Whispering Bee-eater Bird Cushion,animal,"Regular price
£75.98
Sale pricefrom £37.99

                Save 50%
              ",//cdn.shopify.com/s/files/1/2534/2170/products/NewPhototasticCollage11_70dcf86f-2645-4c4e-b0b5-deee1b4362d8_{width}x.jpg?v=1600022504
Cherry Blossom Bird Butterfly Cushion,animal,"Regular price
£75.98
Sale pricefrom £37.99

                Save 50%
              ",//cdn.shopify.com/s/files/1/2534/2170/products/NewPhototasticCollage_3aeaa9ff-91ca-4c48-8521-1618f3421228_{width}x.jpg?v=1600024460
Tropical Love Bird and Parrot Cushion,animal,"Regular price
£75.98
Sale pricefrom £37.99

                Save 50%
              ",//cdn.shopify.com/s/files/1/2534/2170/products/NewPhototasticCollage_bf071f9b-0a21-45da-a494-1ea23f56e6d5_{width}x.jpg?v=1600025372
Butterfly Metamorphosis Cushion Cover,animal,"from £30.99
",//cdn.shopify.com/s/files/1/2534/2170/products/mockup-dba7a349_245ac408-e48c-4d59-857f-1b5d1d6eb64b_{width}x.jpg?v=1595777470
Flamingo Flow Cushion Cover,animal,"from £30.99
",//cdn.shopify.com/s/files/1/2534/2170/products/mockup-734da314_{width}x.jpg?v=1599250028
Teddy Bear Cushion Cover,animal,"from £30.99
",//cdn.shopify.com/s/files/1/2534/2170/products/mockup-75ded870_{width}x.jpg?v=1599063489
Safari Njema Cushion Cover,animal,"from £30.99
",//cdn.shopify.com/s/files/1/2534/2170/products/mockup-3b7aeb2b_{width}x.jpg?v=1599058786
Stag Heed Cushion Cover,animal,"from £30.99
",//cdn.shopify.com/s/files/1/2534/2170/products/mockup-943d8db9_{width}x.jpg?v=1598977964
Burgundy Subtropical Bird Cushion Cover,animal,"from £32.99
",//cdn.shopify.com/s/files/1/2534/2170/products/mockup-52b35597_{width}x.jpg?v=1598906045
Dachshund Wagger Cushion Cover,animal,"from £30.99
",//cdn.shopify.com/s/files/1/2534/2170/products/mockup-106c1604_{width}x.jpg?v=1598905188
Parrot Riot Cushion Cover,animal,"from £30.99
",//cdn.shopify.com/s/files/1/2534/2170/products/mockup-cbc7bf94_{width}x.jpg?v=1598904617
Flamingo Familia Cushion Cover,animal,"from £30.99
",//cdn.shopify.com/s/files/1/2534/2170/products/mockup-1b59341b_{width}x.jpg?v=1598903649
Finch Bird Couple Cushion Cover,animal,"from £30.99
",//cdn.shopify.com/s/files/1/2534/2170/products/mockup-0442066f_{width}x.jpg?v=1598901580
Country Animal Children Cushion Cover,animal,"from £30.99
",//cdn.shopify.com/s/files/1/2534/2170/products/mockup-a382d7c6_{width}x.jpg?v=1598887687
Sonrisa Mariposa Cushion Cover,animal,"from £30.99
",//cdn.shopify.com/s/files/1/2534/2170/products/mockup-98fb8786_{width}x.jpg?v=1598569008
Pink Bird Soprano Cipher Cushion Cover,animal,"from £32.99
",//cdn.shopify.com/s/files/1/2534/2170/products/mockup-c6fe3918_{width}x.jpg?v=1598568227
Bird Whisper Cushion Cover,animal,"from £30.99
",//cdn.shopify.com/s/files/1/2534/2170/products/mockup-8656ac1f_{width}x.jpg?v=1598567761
Tiger Daze Cushion Cover,animal,"from £32.99
",//cdn.shopify.com/s/files/1/2534/2170/products/mockup-773c6d95_{width}x.jpg?v=1598560051
